<metadata xml:lang="nb"><Esri><CreaDate>20200326</CreaDate><CreaTime>08422100</CreaTime><ArcGISFormat>1.0</ArcGISFormat><SyncOnce>FALSE</SyncOnce><DataProperties><itemProps><itemName Sync="TRUE">PostCodeArea_Clipped</itemName><imsContentType Sync="TRUE">002</imsContentType><itemLocation><linkage Sync="TRUE">file://\\NTNU04310\C$\Artikler\Covid-19\PostCodeArea_Clipped.shp</linkage><protocol Sync="TRUE">Local Area Network</protocol></itemLocation><itemSize Sync="TRUE">0.000</itemSize></itemProps><lineage><Process ToolSource="c:\program files (x86)\arcgis\desktop10.7\ArcToolbox\Toolboxes\Conversion Tools.tbx\FeatureClassToFeatureClass" Date="20200326" Time="084223">FeatureClassToFeatureClass C:\Artikler\Covid-19\postnummeromraderf.shp C:\Artikler\Covid-19\Basisdata.gdb Postnummeromraderf # "KOORDH "KOORDH" true true false 10 Double 2 9 ,First,#,C:\Artikler\Covid-19\postnummeromraderf.shp,KOORDH,-1,-1;KOMMUNENUM "KOMMUNENUM" true true false 4 Short 0 4 ,First,#,C:\Artikler\Covid-19\postnummeromraderf.shp,KOMMUNENUM,-1,-1;POSTNUMMER "POSTNUMMER" true true false 4 Short 0 4 ,First,#,C:\Artikler\Covid-19\postnummeromraderf.shp,POSTNUMMER,-1,-1;DUTTAKSDAT "DUTTAKSDAT" true true false 20 Text 0 0 ,First,#,C:\Artikler\Covid-19\postnummeromraderf.shp,DUTTAKSDAT,-1,-1;OPPDATDATO "OPPDATDATO" true true false 20 Text 0 0 ,First,#,C:\Artikler\Covid-19\postnummeromraderf.shp,OPPDATDATO,-1,-1;OPPHAV "OPPHAV" true true false 254 Text 0 0 ,First,#,C:\Artikler\Covid-19\postnummeromraderf.shp,OPPHAV,-1,-1;LOKALID "LOKALID" true true false 100 Text 0 0 ,First,#,C:\Artikler\Covid-19\postnummeromraderf.shp,LOKALID,-1,-1;NAVNEROM "NAVNEROM" true true false 100 Text 0 0 ,First,#,C:\Artikler\Covid-19\postnummeromraderf.shp,NAVNEROM,-1,-1;VERSJONID "VERSJONID" true true false 100 Text 0 0 ,First,#,C:\Artikler\Covid-19\postnummeromraderf.shp,VERSJONID,-1,-1;MALEMETODE "MALEMETODE" true true false 2 Short 0 2 ,First,#,C:\Artikler\Covid-19\postnummeromraderf.shp,MALEMETODE,-1,-1;NOYAKTIGHE "NOYAKTIGHE" true true false 6 Long 0 6 ,First,#,C:\Artikler\Covid-19\postnummeromraderf.shp,NOYAKTIGHE,-1,-1;SYNBARHET "SYNBARHET" true true false 2 Short 0 2 ,First,#,C:\Artikler\Covid-19\postnummeromraderf.shp,SYNBARHET,-1,-1;H_MALEMETO "H_MALEMETO" true true false 2 Short 0 2 ,First,#,C:\Artikler\Covid-19\postnummeromraderf.shp,H_MALEMETO,-1,-1;H_NOYAKTIG "H_NOYAKTIG" true true false 6 Long 0 6 ,First,#,C:\Artikler\Covid-19\postnummeromraderf.shp,H_NOYAKTIG,-1,-1;MAX_AVVIK "MAX_AVVIK" true true false 6 Long 0 6 ,First,#,C:\Artikler\Covid-19\postnummeromraderf.shp,MAX_AVVIK,-1,-1;OBJTYPE "OBJTYPE" true true false 32 Text 0 0 ,First,#,C:\Artikler\Covid-19\postnummeromraderf.shp,OBJTYPE,-1,-1;POSTSTED "POSTSTED" true true false 18 Text 0 0 ,First,#,C:\Artikler\Covid-19\postnummeromraderf.shp,POSTSTED,-1,-1" #</Process><Process ToolSource="c:\program files\arcgis\pro\Resources\ArcToolbox\toolboxes\Data Management Tools.tbx\DefineProjection" Date="20200326" Time="084709">DefineProjection Postnummeromraderf PROJCS['ETRS_1989_UTM_Zone_33N',GEOGCS['GCS_ETRS_1989',DATUM['D_ETRS_1989',SPHEROID['GRS_1980',6378137.0,298.257222101]],PRIMEM['Greenwich',0.0],UNIT['Degree',0.0174532925199433]],PROJECTION['Transverse_Mercator'],PARAMETER['False_Easting',500000.0],PARAMETER['False_Northing',0.0],PARAMETER['Central_Meridian',15.0],PARAMETER['Scale_Factor',0.9996],PARAMETER['Latitude_Of_Origin',0.0],UNIT['Meter',1.0]]</Process><Process ToolSource="c:\program files\arcgis\pro\Resources\ArcToolbox\toolboxes\Analysis Tools.tbx\Clip" Date="20200326" Time="105736">Clip Postnummeromraderf Norge C:\Artikler\Covid-19\Basisdata.gdb\PostCodeArea_Clipped #</Process><Process ToolSource="c:\program files\arcgis\pro\Resources\ArcToolbox\toolboxes\Conversion Tools.tbx\FeatureClassToFeatureClass" Date="20200326" Time="140220">FeatureClassToFeatureClass PostCodeArea_Clipped C:\Artikler\Covid-19 PostCodeArea_Clipped.shp # "KOORDH "KOORDH" true true false 8 Double 0 0,First,#,PostCodeArea_Clipped,KOORDH,-1,-1;KOMMUNENUM "KOMMUNENUM" true true false 2 Short 0 0,First,#,PostCodeArea_Clipped,KOMMUNENUM,-1,-1;POSTNUMMER "POSTNUMMER" true true false 2 Short 0 0,First,#,PostCodeArea_Clipped,POSTNUMMER,-1,-1;DUTTAKSDAT "DUTTAKSDAT" true true false 20 Text 0 0,First,#,PostCodeArea_Clipped,DUTTAKSDAT,0,20;OPPDATDATO "OPPDATDATO" true true false 20 Text 0 0,First,#,PostCodeArea_Clipped,OPPDATDATO,0,20;OPPHAV "OPPHAV" true true false 254 Text 0 0,First,#,PostCodeArea_Clipped,OPPHAV,0,254;LOKALID "LOKALID" true true false 100 Text 0 0,First,#,PostCodeArea_Clipped,LOKALID,0,100;NAVNEROM "NAVNEROM" true true false 100 Text 0 0,First,#,PostCodeArea_Clipped,NAVNEROM,0,100;VERSJONID "VERSJONID" true true false 100 Text 0 0,First,#,PostCodeArea_Clipped,VERSJONID,0,100;MALEMETODE "MALEMETODE" true true false 2 Short 0 0,First,#,PostCodeArea_Clipped,MALEMETODE,-1,-1;NOYAKTIGHE "NOYAKTIGHE" true true false 4 Long 0 0,First,#,PostCodeArea_Clipped,NOYAKTIGHE,-1,-1;SYNBARHET "SYNBARHET" true true false 2 Short 0 0,First,#,PostCodeArea_Clipped,SYNBARHET,-1,-1;H_MALEMETO "H_MALEMETO" true true false 2 Short 0 0,First,#,PostCodeArea_Clipped,H_MALEMETO,-1,-1;H_NOYAKTIG "H_NOYAKTIG" true true false 4 Long 0 0,First,#,PostCodeArea_Clipped,H_NOYAKTIG,-1,-1;MAX_AVVIK "MAX_AVVIK" true true false 4 Long 0 0,First,#,PostCodeArea_Clipped,MAX_AVVIK,-1,-1;OBJTYPE "OBJTYPE" true true false 32 Text 0 0,First,#,PostCodeArea_Clipped,OBJTYPE,0,32;POSTSTED "POSTSTED" true true false 18 Text 0 0,First,#,PostCodeArea_Clipped,POSTSTED,0,18;Shape_Leng "Shape_Length" false true true 8 Double 0 0,First,#,PostCodeArea_Clipped,Shape_Length,-1,-1;Shape_Area "Shape_Area" false true true 8 Double 0 0,First,#,PostCodeArea_Clipped,Shape_Area,-1,-1" #</Process></lineage><coordRef><type Sync="TRUE">Projected</type><geogcsn Sync="TRUE">GCS_ETRS_1989</geogcsn><csUnits Sync="TRUE">Linear Unit: Meter (1.000000)</csUnits><projcsn Sync="TRUE">ETRS_1989_UTM_Zone_33N</projcsn><peXml Sync="TRUE">&lt;ProjectedCoordinateSystem xsi:type='typens:ProjectedCoordinateSystem' xmlns:xsi='http://www.w3.org/2001/XMLSchema-instance' xmlns:xs='http://www.w3.org/2001/XMLSchema' xmlns:typens='http://www.esri.com/schemas/ArcGIS/2.5.0'&gt;&lt;WKT&gt;PROJCS[&amp;quot;ETRS_1989_UTM_Zone_33N&amp;quot;,GEOGCS[&amp;quot;GCS_ETRS_1989&amp;quot;,DATUM[&amp;quot;D_ETRS_1989&amp;quot;,SPHEROID[&amp;quot;GRS_1980&amp;quot;,6378137.0,298.257222101]],PRIMEM[&amp;quot;Greenwich&amp;quot;,0.0],UNIT[&amp;quot;Degree&amp;quot;,0.0174532925199433]],PROJECTION[&amp;quot;Transverse_Mercator&amp;quot;],PARAMETER[&amp;quot;False_Easting&amp;quot;,500000.0],PARAMETER[&amp;quot;False_Northing&amp;quot;,0.0],PARAMETER[&amp;quot;Central_Meridian&amp;quot;,15.0],PARAMETER[&amp;quot;Scale_Factor&amp;quot;,0.9996],PARAMETER[&amp;quot;Latitude_Of_Origin&amp;quot;,0.0],UNIT[&amp;quot;Meter&amp;quot;,1.0],AUTHORITY[&amp;quot;EPSG&amp;quot;,25833]]&lt;/WKT&gt;&lt;XOrigin&gt;-5120900&lt;/XOrigin&gt;&lt;YOrigin&gt;-9998100&lt;/YOrigin&gt;&lt;XYScale&gt;450445547.3910538&lt;/XYScale&gt;&lt;ZOrigin&gt;-100000&lt;/ZOrigin&gt;&lt;ZScale&gt;10000&lt;/ZScale&gt;&lt;MOrigin&gt;-100000&lt;/MOrigin&gt;&lt;MScale&gt;10000&lt;/MScale&gt;&lt;XYTolerance&gt;0.001&lt;/XYTolerance&gt;&lt;ZTolerance&gt;0.001&lt;/ZTolerance&gt;&lt;MTolerance&gt;0.001&lt;/MTolerance&gt;&lt;HighPrecision&gt;true&lt;/HighPrecision&gt;&lt;WKID&gt;25833&lt;/WKID&gt;&lt;LatestWKID&gt;25833&lt;/LatestWKID&gt;&lt;/ProjectedCoordinateSystem&gt;</peXml></coordRef></DataProperties><SyncDate>20200326</SyncDate><SyncTime>14021700</SyncTime><ModDate>20200326</ModDate><ModTime>14021700</ModTime></Esri><dataIdInfo><envirDesc Sync="TRUE">Microsoft Windows 10 Version 10.0 (Build 17763) ; Esri ArcGIS 12.5.0.22081</envirDesc><dataLang><languageCode value="nob" Sync="TRUE"></languageCode><countryCode value="NOR" Sync="TRUE"></countryCode></dataLang><idCitation><resTitle Sync="TRUE">PostCodeArea_Clipped</resTitle><presForm><PresFormCd value="005" Sync="TRUE"></PresFormCd></presForm></idCitation><spatRpType><SpatRepTypCd value="001" Sync="TRUE"></SpatRepTypCd></spatRpType></dataIdInfo><mdLang><languageCode value="nob" Sync="TRUE"></languageCode><countryCode value="NOR" Sync="TRUE"></countryCode></mdLang><distInfo><distFormat><formatName Sync="TRUE">Shapefile</formatName></distFormat><distTranOps><transSize Sync="TRUE">0.000</transSize></distTranOps></distInfo><mdHrLv><ScopeCd value="005" Sync="TRUE"></ScopeCd></mdHrLv><mdHrLvName Sync="TRUE">dataset</mdHrLvName><spatRepInfo><VectSpatRep><geometObjs Name="PostCodeArea_Clipped"><geoObjTyp><GeoObjTypCd value="002" Sync="TRUE"></GeoObjTypCd></geoObjTyp><geoObjCnt Sync="TRUE">0</geoObjCnt></geometObjs><topLvl><TopoLevCd value="001" Sync="TRUE"></TopoLevCd></topLvl></VectSpatRep></spatRepInfo><spdoinfo><ptvctinf><esriterm Name="PostCodeArea_Clipped"><efeatyp Sync="TRUE">Simple</efeatyp><efeageom code="4" Sync="TRUE"></efeageom><esritopo Sync="TRUE">FALSE</esritopo><efeacnt Sync="TRUE">0</efeacnt><spindex Sync="TRUE">FALSE</spindex><linrefer Sync="TRUE">TRUE</linrefer></esriterm></ptvctinf></spdoinfo><eainfo><detailed Name="PostCodeArea_Clipped"><enttyp><enttypl Sync="TRUE">PostCodeArea_Clipped</enttypl><enttypt Sync="TRUE">Feature Class</enttypt><enttypc Sync="TRUE">0</enttypc></enttyp><attr><attrlabl Sync="TRUE">FID</attrlabl><attalias Sync="TRUE">FID</attalias><attrtype Sync="TRUE">OID</attrtype><attwidth Sync="TRUE">4</attwidth><atprecis Sync="TRUE">0</atprecis><attscale Sync="TRUE">0</attscale><attrdef Sync="TRUE">Internal feature number.</attrdef><attrdefs Sync="TRUE">Esri</attrdefs><attrdomv><udom Sync="TRUE">Sequential unique whole numbers that are automatically generated.</udom></attrdomv></attr><attr><attrlabl Sync="TRUE">Shape</attrlabl><attalias Sync="TRUE">Shape</attalias><attrtype Sync="TRUE">Geometry</attrtype><attwidth Sync="TRUE">0</attwidth><atprecis Sync="TRUE">0</atprecis><attscale Sync="TRUE">0</attscale><attrdef Sync="TRUE">Feature geometry.</attrdef><attrdefs Sync="TRUE">Esri</attrdefs><attrdomv><udom Sync="TRUE">Coordinates defining the features.</udom></attrdomv></attr><attr><attrlabl Sync="TRUE">KOORDH</attrlabl><attalias Sync="TRUE">KOORDH</attalias><attrtype Sync="TRUE">Double</attrtype><attwidth Sync="TRUE">19</attwidth><atprecis Sync="TRUE">0</atprecis><attscale Sync="TRUE">0</attscale></attr><attr><attrlabl Sync="TRUE">KOMMUNENUM</attrlabl><attalias Sync="TRUE">KOMMUNENUM</attalias><attrtype Sync="TRUE">Integer</attrtype><attwidth Sync="TRUE">5</attwidth><atprecis Sync="TRUE">5</atprecis><attscale Sync="TRUE">0</attscale></attr><attr><attrlabl Sync="TRUE">POSTNUMMER</attrlabl><attalias Sync="TRUE">POSTNUMMER</attalias><attrtype Sync="TRUE">Integer</attrtype><attwidth Sync="TRUE">5</attwidth><atprecis Sync="TRUE">5</atprecis><attscale Sync="TRUE">0</attscale></attr><attr><attrlabl Sync="TRUE">DUTTAKSDAT</attrlabl><attalias Sync="TRUE">DUTTAKSDAT</attalias><attrtype Sync="TRUE">String</attrtype><attwidth Sync="TRUE">20</attwidth><atprecis Sync="TRUE">0</atprecis><attscale Sync="TRUE">0</attscale></attr><attr><attrlabl Sync="TRUE">OPPDATDATO</attrlabl><attalias Sync="TRUE">OPPDATDATO</attalias><attrtype Sync="TRUE">String</attrtype><attwidth Sync="TRUE">20</attwidth><atprecis Sync="TRUE">0</atprecis><attscale Sync="TRUE">0</attscale></attr><attr><attrlabl Sync="TRUE">OPPHAV</attrlabl><attalias Sync="TRUE">OPPHAV</attalias><attrtype Sync="TRUE">String</attrtype><attwidth Sync="TRUE">254</attwidth><atprecis Sync="TRUE">0</atprecis><attscale Sync="TRUE">0</attscale></attr><attr><attrlabl Sync="TRUE">LOKALID</attrlabl><attalias Sync="TRUE">LOKALID</attalias><attrtype Sync="TRUE">String</attrtype><attwidth Sync="TRUE">100</attwidth><atprecis Sync="TRUE">0</atprecis><attscale Sync="TRUE">0</attscale></attr><attr><attrlabl Sync="TRUE">NAVNEROM</attrlabl><attalias Sync="TRUE">NAVNEROM</attalias><attrtype Sync="TRUE">String</attrtype><attwidth Sync="TRUE">100</attwidth><atprecis Sync="TRUE">0</atprecis><attscale Sync="TRUE">0</attscale></attr><attr><attrlabl Sync="TRUE">VERSJONID</attrlabl><attalias Sync="TRUE">VERSJONID</attalias><attrtype Sync="TRUE">String</attrtype><attwidth Sync="TRUE">100</attwidth><atprecis Sync="TRUE">0</atprecis><attscale Sync="TRUE">0</attscale></attr><attr><attrlabl Sync="TRUE">MALEMETODE</attrlabl><attalias Sync="TRUE">MALEMETODE</attalias><attrtype Sync="TRUE">Integer</attrtype><attwidth Sync="TRUE">5</attwidth><atprecis Sync="TRUE">5</atprecis><attscale Sync="TRUE">0</attscale></attr><attr><attrlabl Sync="TRUE">NOYAKTIGHE</attrlabl><attalias Sync="TRUE">NOYAKTIGHE</attalias><attrtype Sync="TRUE">Integer</attrtype><attwidth Sync="TRUE">10</attwidth><atprecis Sync="TRUE">10</atprecis><attscale Sync="TRUE">0</attscale></attr><attr><attrlabl Sync="TRUE">SYNBARHET</attrlabl><attalias Sync="TRUE">SYNBARHET</attalias><attrtype Sync="TRUE">Integer</attrtype><attwidth Sync="TRUE">5</attwidth><atprecis Sync="TRUE">5</atprecis><attscale Sync="TRUE">0</attscale></attr><attr><attrlabl Sync="TRUE">H_MALEMETO</attrlabl><attalias Sync="TRUE">H_MALEMETO</attalias><attrtype Sync="TRUE">Integer</attrtype><attwidth Sync="TRUE">5</attwidth><atprecis Sync="TRUE">5</atprecis><attscale Sync="TRUE">0</attscale></attr><attr><attrlabl Sync="TRUE">H_NOYAKTIG</attrlabl><attalias Sync="TRUE">H_NOYAKTIG</attalias><attrtype Sync="TRUE">Integer</attrtype><attwidth Sync="TRUE">10</attwidth><atprecis Sync="TRUE">10</atprecis><attscale Sync="TRUE">0</attscale></attr><attr><attrlabl Sync="TRUE">MAX_AVVIK</attrlabl><attalias Sync="TRUE">MAX_AVVIK</attalias><attrtype Sync="TRUE">Integer</attrtype><attwidth Sync="TRUE">10</attwidth><atprecis Sync="TRUE">10</atprecis><attscale Sync="TRUE">0</attscale></attr><attr><attrlabl Sync="TRUE">OBJTYPE</attrlabl><attalias Sync="TRUE">OBJTYPE</attalias><attrtype Sync="TRUE">String</attrtype><attwidth Sync="TRUE">32</attwidth><atprecis Sync="TRUE">0</atprecis><attscale Sync="TRUE">0</attscale></attr><attr><attrlabl Sync="TRUE">POSTSTED</attrlabl><attalias Sync="TRUE">POSTSTED</attalias><attrtype Sync="TRUE">String</attrtype><attwidth Sync="TRUE">18</attwidth><atprecis Sync="TRUE">0</atprecis><attscale Sync="TRUE">0</attscale></attr><attr><attrlabl Sync="TRUE">Shape_Leng</attrlabl><attalias Sync="TRUE">Shape_Leng</attalias><attrtype Sync="TRUE">Double</attrtype><attwidth Sync="TRUE">19</attwidth><atprecis Sync="TRUE">0</atprecis><attscale Sync="TRUE">0</attscale></attr><attr><attrlabl Sync="TRUE">Shape_Area</attrlabl><attalias Sync="TRUE">Shape_Area</attalias><attrtype Sync="TRUE">Double</attrtype><attwidth Sync="TRUE">19</attwidth><atprecis Sync="TRUE">0</atprecis><attscale Sync="TRUE">0</attscale><attrdef Sync="TRUE">Area of feature in internal units squared.</attrdef><attrdefs Sync="TRUE">Esri</attrdefs><attrdomv><udom Sync="TRUE">Positive real numbers that are automatically generated.</udom></attrdomv></attr></detailed></eainfo><mdDateSt Sync="TRUE">20200326</mdDateSt><refSysInfo><RefSystem><refSysID><identCode code="25833" Sync="TRUE"></identCode><idCodeSpace Sync="TRUE">EPSG</idCodeSpace><idVersion Sync="TRUE">7.1(4.0.0)</idVersion></refSysID></RefSystem></refSysInfo></metadata>
